{
    "mercury": [
        -0.3825616936442917,
        -0.17519826252174311,
        -0.053942235083127545
    ],
    "venus": [
        -0.31172283162745135,
        0.5828410205413741,
        0.28198338003209356
    ],
    "earth": [
        1.0035789991059665,
        -0.006074217586727221,
        -0.0026389423005070173
    ],
    "moon": [
        1.000980008073923,
        -0.0064539460002728975,
        -0.002902389613057227
    ],
    "mars": [
        -1.0200054415359787,
        -1.0748796245038847,
        -0.4655094709276115
    ],
    "jupiter": [
        -0.9535432278862103,
        4.666929227813262,
        2.0235837335278317
    ],
    "saturn": [
        9.537417297999873,
        -0.12687953791221757,
        -0.4630910802998789
    ],
    "uranus": [
        10.222210677214413,
        15.272044139052792,
        6.544029606873126
    ],
    "neptune": [
        29.87867311297402,
        0.4606911625396123,
        -0.5552507490724722
    ]
}