{
    "mercury": [
        -0.36357545388703144,
        -0.22348075274249896,
        -0.08170262666387096
    ],
    "venus": [
        -0.3544759208808143,
        0.5612597691716724,
        0.27497726076329393
    ],
    "earth": [
        1.0023544423165214,
        0.03131116383663467,
        0.013566968332233156
    ],
    "mars": [
        -0.9934335557667356,
        -1.0916548028227555,
        -0.4739205640447557
    ],
    "jupiter": [
        -0.9713976256926669,
        4.664474246689138,
        2.0229660728365846
    ],
    "saturn": [
        9.537082677349456,
        -0.11465303745533721,
        -0.45802689305826905
    ],
    "uranus": [
        10.214157939782154,
        15.276092143039254,
        6.545916508064985
    ],
    "neptune": [
        29.878556376468183,
        0.4676419789143263,
        -0.5524028717828693
    ],
    "moon": [
        -0.002084370249810008,
        -0.0014495745240673576,
        -0.0008351064367137489
    ]
}