{
    "mercury": [
        -0.376256327413183,
        -0.19410747353287214,
        -0.0646970817778813
    ],
    "venus": [
        -0.32820551355673616,
        0.5749146649203437,
        0.279459543941716
    ],
    "earth": [
        1.0033079842313122,
        0.008186997704622584,
        0.0035430446335195835
    ],
    "moon": [
        1.0008306282973751,
        0.007372505527989121,
        0.003045329266749084
    ],
    "mars": [
        -1.009923968436952,
        -1.0813349617629844,
        -0.4687423060825252
    ],
    "jupiter": [
        -0.9603543852829532,
        4.665999529887338,
        2.023351036657761
    ],
    "saturn": [
        9.537291833542577,
        -0.12221628949021988,
        -0.4611596669079148
    ],
    "uranus": [
        10.21913958050606,
        15.273588488719916,
        6.544749461018973
    ],
    "neptune": [
        29.878628809422324,
        0.4633422610403774,
        -0.5541645505846821
    ]
}