{
    "mercury": [
        -0.3734311475146989,
        -0.20143941873272692,
        -0.0689066314775955
    ],
    "venus": [
        -0.3346806198870661,
        0.5716678233704522,
        0.2784082136554941
    ],
    "earth": [
        1.0031336451093873,
        0.013840094991796123,
        0.005993563624528832
    ],
    "moon": [
        1.0007306938755287,
        0.012860997420556592,
        0.0054077801788045676
    ],
    "mars": [
        -1.005909231627933,
        -1.0838745473950049,
        -0.4700154422531494
    ],
    "jupiter": [
        -0.9630540082408074,
        4.665628708073804,
        2.023257806452024
    ],
    "saturn": [
        9.537241358790427,
        -0.12036767020854275,
        -0.4603939783467659
    ],
    "uranus": [
        10.217922039054894,
        15.274200560929234,
        6.545034766153527
    ],
    "neptune": [
        29.87861117126594,
        0.46439320994401256,
        -0.5537339577857885
    ]
}