{
    "mercury": [
        -0.3876699474613669,
        -0.15563173804120184,
        -0.042960319875054984
    ],
    "venus": [
        -0.29495134109840965,
        0.5904221046378347,
        0.2843335817806911
    ],
    "earth": [
        1.0036079386131826,
        -0.02040564545803194,
        -0.00885136379640122
    ],
    "moon": [
        1.0009866945008445,
        -0.020333611155945324,
        -0.008869078900568898
    ],
    "mars": [
        -1.030070842812286,
        -1.0683215021473493,
        -0.46222992411371244
    ],
    "jupiter": [
        -0.9466961435422631,
        4.667855334993782,
        2.0238140167184295
    ],
    "saturn": [
        9.53754070703633,
        -0.13156620024644794,
        -0.4650320757381202
    ],
    "uranus": [
        10.225296874530931,
        15.270491512127087,
        6.543305913784048
    ],
    "neptune": [
        29.878717365193946,
        0.45802672434456493,
        -0.5563424064420723
    ]
}