{
    "mercury": [
        -0.38666907269207385,
        -0.15992241404335414,
        -0.04535614232594919
    ],
    "venus": [
        -0.298607039603054,
        0.588810372482347,
        0.2838396307504434
    ],
    "earth": [
        1.0036223822423476,
        -0.017296620115056234,
        -0.007503656199804285
    ],
    "moon": [
        1.0009972485378626,
        -0.017322979301759037,
        -0.007575084714668416
    ],
    "mars": [
        -1.0278927775912237,
        -1.0697503032764337,
        -0.46294402973609977
    ],
    "jupiter": [
        -0.9481818204991744,
        4.667655111998913,
        2.023764360008811
    ],
    "saturn": [
        9.537514161117244,
        -0.13054939099193383,
        -0.4646109709303849
    ],
    "uranus": [
        10.224627326236194,
        15.270828411651975,
        6.543462943980963
    ],
    "neptune": [
        29.87870778763229,
        0.458604798214352,
        -0.5561055621040494
    ]
}