{
    "mercury": [
        -0.35890964513644646,
        -0.23251543990053922,
        -0.08701255055118107
    ],
    "venus": [
        -0.36275172247969795,
        0.5566865796085934,
        0.2734430348323235
    ],
    "earth": [
        1.001915189567607,
        0.03870408667738048,
        0.016771672512753716
    ],
    "mars": [
        -0.9881228498294075,
        -1.0949161939186898,
        -0.4755597310426307
    ],
    "jupiter": [
        -0.9749289331249384,
        4.663981824685496,
        2.022840966263485
    ],
    "saturn": [
        9.537014296891687,
        -0.1122338684379821,
        -0.45702478565987875
    ],
    "uranus": [
        10.212564343780741,
        15.276892669846083,
        6.546289674211103
    ],
    "neptune": [
        29.8785330573321,
        0.4690172645095516,
        -0.551839386639685
    ],
    "moon": [
        -0.0019141166172382817,
        -0.001624248417332337,
        -0.0009265411449989325
    ]
}