{
    "mercury": [
        -0.36709003058651374,
        -0.216144763557951,
        -0.07741946679380499
    ],
    "venus": [
        -0.3478285751826047,
        0.5648372144263422,
        0.27616645642420473
    ],
    "earth": [
        1.0026582093466394,
        0.02541164489260965,
        0.011009629172357843
    ],
    "moon": [
        1.0004509779826711,
        0.024114831155897826,
        0.010255013636664086
    ],
    "mars": [
        -0.9976578897340791,
        -1.0890391150396415,
        -0.47260686824898845
    ],
    "jupiter": [
        -0.96858003661454,
        4.664865517205887,
        2.023065196413667
    ],
    "saturn": [
        9.537136716335738,
        -0.11658303399200759,
        -0.4588263453799357
    ],
    "uranus": [
        10.215429238284562,
        15.27545338819793,
        6.545618755729392
    ],
    "neptune": [
        29.87857492788295,
        0.46654478032698193,
        -0.5528524172183278
    ]
}