{
    "mercury": [
        -0.3562415527289158,
        -0.23737265059046656,
        -0.08988380968431833
    ],
    "venus": [
        -0.36724456876618994,
        0.5541474008692328,
        0.27258472234213826
    ],
    "earth": [
        1.0016478195361747,
        0.04274067009219681,
        0.018521461758986783
    ],
    "mars": [
        -0.985215082190875,
        -1.0966892583182133,
        -0.4764514240622421
    ],
    "jupiter": [
        -0.9768573476350071,
        4.663711959587652,
        2.0227722360962064
    ],
    "saturn": [
        9.536976648207087,
        -0.1109126466203044,
        -0.4564774747195577
    ],
    "uranus": [
        10.211693969910318,
        15.277329816265382,
        6.546493452502502
    ],
    "neptune": [
        29.878520290787765,
        0.4697683695812293,
        -0.5515316414153297
    ],
    "moon": [
        -0.0018130331212066197,
        -0.001712845038889299,
        -0.0009725920644723489
    ]
}