{
    "mercury": [
        -0.358518545350669,
        -0.23324056421247927,
        -0.08744044793375323
    ],
    "venus": [
        -0.3634204514257846,
        0.5563111777415061,
        0.27331642267040923
    ],
    "earth": [
        1.0018766932427094,
        0.039303862615213424,
        0.017031665023866112
    ],
    "mars": [
        -0.98769116238513,
        -1.0951799869609082,
        -0.4756923704439575
    ],
    "jupiter": [
        -0.9752154518184095,
        4.663941771655832,
        2.0228307728671937
    ],
    "saturn": [
        9.537008716858526,
        -0.11203757089604104,
        -0.45694347075739683
    ],
    "uranus": [
        10.212435031572866,
        15.276957620516177,
        6.546319951238484
    ],
    "neptune": [
        29.87853116195097,
        0.46912885837859253,
        -0.551793664068315
    ],
    "moon": [
        -0.0018994478920928426,
        -0.001637726552182292,
        -0.0009335625170111186
    ]
}