{
    "mercury": [
        -0.19997041073072697,
        -0.37722563440110546,
        -0.18078976346563358
    ],
    "venus": [
        -0.524368977591836,
        0.4346056940620898,
        0.22873502618873312
    ],
    "earth": [
        0.9763549229466328,
        0.19788164622771515,
        0.08577248147332751
    ],
    "mars": [
        -0.8685782935717561,
        -1.1608824786518974,
        -0.5090413396492136
    ],
    "jupiter": [
        -1.0515340330899206,
        4.652739911685831,
        2.019887090273059
    ],
    "saturn": [
        9.535351454989584,
        -0.05967346035574264,
        -0.43524474276493025
    ],
    "uranus": [
        10.177919487544568,
        15.294251096544022,
        6.554382588417833
    ],
    "neptune": [
        29.878008364804316,
        0.4988960275652592,
        -0.5395969559597352
    ],
    "moon": [
        0.0024041714719822416,
        -0.00024000694058370908,
        -7.82162345750459e-05
    ]
}