{
    "mercury": [
        -0.21430113806991516,
        -0.3704428271876705,
        -0.17568111756448054
    ],
    "venus": [
        -0.5140512909925298,
        0.4447282985777198,
        0.2326371494530993
    ],
    "earth": [
        0.9792104089603594,
        0.18657713195270106,
        0.08087215785023752
    ],
    "mars": [
        -0.8774344282323265,
        -1.1564581449963383,
        -0.5067731292728627
    ],
    "jupiter": [
        -1.0460312517107182,
        4.653583205325004,
        2.020114600920903
    ],
    "saturn": [
        9.53548237898291,
        -0.06345432229125558,
        -0.43681194710351307
    ],
    "uranus": [
        10.180412993856214,
        15.293004626573337,
        6.553801372988789
    ],
    "neptune": [
        29.87804725932667,
        0.4967468280014728,
        -0.5404775900712325
    ],
    "moon": [
        0.0023402189078985947,
        -0.000629543938392596,
        -0.00029161709240017875
    ]
}