{
    "mercury": [
        -0.23787732812232862,
        -0.35752930648696946,
        -0.1663392181454593
    ],
    "venus": [
        -0.4959870325984173,
        0.4615100818674807,
        0.2390456173967523
    ],
    "earth": [
        0.9837093093389804,
        0.16727330109383665,
        0.0725042623147737
    ],
    "mars": [
        -0.8924154655999396,
        -1.1488126939259358,
        -0.5028622637364719
    ],
    "jupiter": [
        -1.0366647235953108,
        4.655005863117895,
        2.020496391941506
    ],
    "saturn": [
        9.535701133374742,
        -0.06988797866859861,
        -0.43947858739324763
    ],
    "uranus": [
        10.184655544235396,
        15.290882809727387,
        6.5528120218160755
    ],
    "neptune": [
        29.878113033474442,
        0.49308964110660686,
        -0.5419761117898693
    ],
    "moon": [
        0.002063365121124483,
        -0.0012394591568515578,
        -0.000629694150822549
    ]
}