{
    "mercury": 141202.04049338232,
    "venus": 127073.04211302477,
    "earth": 107357.81106373252,
    "mars": 86228.76781877896,
    "jupiter": 47288.43147189191,
    "saturn": 34755.904024894415,
    "uranus": 24169.487139845132,
    "neptune": 19716.04260111914,
    "moon": 3832.263527100722
}