{
    "mercury": 142538.5067766717,
    "venus": 127198.40105655821,
    "earth": 107399.33829350071,
    "mars": 86166.08308346693,
    "jupiter": 47340.456239035855,
    "saturn": 34787.15174593177,
    "uranus": 24192.333104419755,
    "neptune": 19735.0763755429,
    "moon": 3719.0442692633183
}